USE TSQL_Exam
GO

INSERT INTO [COMPANY] VALUES (N'G' ,N'金旭');
INSERT INTO [COMPANY] VALUES (N'Z' ,N'金旭測試');
GO

INSERT INTO [DEPARTMENT] VALUES (N'001' ,N'業務' ,N'T002');
INSERT INTO [DEPARTMENT] VALUES (N'002' ,N'財務' ,N'T003');
INSERT INTO [DEPARTMENT] VALUES (N'003' ,N'服務' ,N'T004');
INSERT INTO [DEPARTMENT] VALUES (N'004' ,N'客服' ,N'T005');
GO

INSERT INTO [EMPLOYEE] VALUES (N'T001' ,N'ARTHUR'	,N'');
INSERT INTO [EMPLOYEE] VALUES (N'T002' ,N'NANCY'	,N'001');
INSERT INTO [EMPLOYEE] VALUES (N'T003' ,N'JOYCE'	,N'002');
INSERT INTO [EMPLOYEE] VALUES (N'T004' ,N'JENNIFER' ,N'003');
INSERT INTO [EMPLOYEE] VALUES (N'T005' ,N'HOPE'		,N'004');
INSERT INTO [EMPLOYEE] VALUES (N'T006' ,N'MIKE'		,N'001');
INSERT INTO [EMPLOYEE] VALUES (N'T007' ,N'PETER'	,N'001');
INSERT INTO [EMPLOYEE] VALUES (N'T008' ,N'ALBERT'	,N'001');
INSERT INTO [EMPLOYEE] VALUES (N'T009' ,N'NIKKY'	,N'001');
INSERT INTO [EMPLOYEE] VALUES (N'T010' ,N'RAY'		,N'002');
INSERT INTO [EMPLOYEE] VALUES (N'T011' ,N'CATHY'	,N'003');
INSERT INTO [EMPLOYEE] VALUES (N'T012' ,N'YVONNE'	,N'003');
INSERT INTO [EMPLOYEE] VALUES (N'T013' ,N'LIDIA'	,N'003');
INSERT INTO [EMPLOYEE] VALUES (N'T014' ,N'JOHN'		,N'003');
INSERT INTO [EMPLOYEE] VALUES (N'T015' ,N'AMY'		,N'004');
INSERT INTO [EMPLOYEE] VALUES (N'T016' ,N'EMILIA'	,N'004');
GO


INSERT INTO [CS]([ID],[NAME],[SALES],[DTYPE]) VALUES (N'1001' ,N'一茶一坐'	,N'T007' ,N'1');
INSERT INTO [CS]([ID],[NAME],[SALES],[DTYPE]) VALUES (N'1002' ,N'國賓'		,N'T006' ,N'1');
INSERT INTO [CS]([ID],[NAME],[SALES],[DTYPE]) VALUES (N'1003' ,N'逸凡'		,N'T007' ,N'1');
INSERT INTO [CS]([ID],[NAME],[SALES],[DTYPE]) VALUES (N'1004' ,N'羅昇'		,N'T008' ,N'1');
INSERT INTO [CS]([ID],[NAME],[SALES],[DTYPE]) VALUES (N'1005' ,N'松栢'		,N'T006' ,N'1');
INSERT INTO [CS]([ID],[NAME],[SALES],[DTYPE]) VALUES (N'1006' ,N'晶華'		,N'T009' ,N'1');
INSERT INTO [CS]([ID],[NAME],[SALES],[DTYPE]) VALUES (N'1007' ,N'壹傳媒'		,N'T008' ,N'1');
INSERT INTO [CS]([ID],[NAME],[SALES],[DTYPE]) VALUES (N'1008' ,N'墾丁渡假村'	,N'T008' ,N'1');
INSERT INTO [CS]([ID],[NAME],[SALES],[DTYPE]) VALUES (N'1009' ,N'六福村'		,N'T009' ,N'1');
INSERT INTO [CS]([ID],[NAME],[SALES],[DTYPE]) VALUES (N'1010' ,N'大地清旅'	,N'T006' ,N'1');
INSERT INTO [CS]([ID],[NAME],[SALES],[DTYPE]) VALUES (N'1011' ,N'寒軒'		,N'T006' ,N'1');
INSERT INTO [CS]([ID],[NAME],[SALES],[DTYPE]) VALUES (N'1012' ,N'台證'		,N'T007' ,N'1');
GO

INSERT INTO [CS]([ID],[NAME],[SALES],[DTYPE]) VALUES (N'1001' ,N'生富'		,N'T005' ,N'2');
INSERT INTO [CS]([ID],[NAME],[SALES],[DTYPE]) VALUES (N'1002' ,N'零壹'		,N'T001' ,N'2');
INSERT INTO [CS]([ID],[NAME],[SALES],[DTYPE]) VALUES (N'1003' ,N'電池國際'	,N'T004' ,N'2');
INSERT INTO [CS]([ID],[NAME],[SALES],[DTYPE]) VALUES (N'1004' ,N'佳燁'		,N'T003' ,N'2');
INSERT INTO [CS]([ID],[NAME],[SALES],[DTYPE]) VALUES (N'1005' ,N'PC HOME'	,N'T004' ,N'2');
GO


INSERT INTO [PRODUCTCATEGORY] VALUES (N'C001' ,N'NB');
INSERT INTO [PRODUCTCATEGORY] VALUES (N'C002' ,N'LCD螢幕');
INSERT INTO [PRODUCTCATEGORY] VALUES (N'C003' ,N'耗材');
INSERT INTO [PRODUCTCATEGORY] VALUES (N'C004' ,N'電腦週邊');
GO

INSERT INTO [PRODUCT] VALUES (N'P001' ,N'ASUS ZenBook UX305'			,N'C001' ,N'1005' ,33900	, 400	,N'台');
INSERT INTO [PRODUCT] VALUES (N'P002' ,N'ASUS Transformer Book T300'	,N'C001' ,N'1001' ,20900	,-2000	,N'台');
INSERT INTO [PRODUCT] VALUES (N'P003' ,N'ACER ES1-331'					,N'C001' ,N'1004' ,10900	,-500	,N'台');
INSERT INTO [PRODUCT] VALUES (N'P004' ,N'ACER TravelMate TMP645'		,N'C001' ,N'1005' ,32900 	, 300 	,N'台');
INSERT INTO [PRODUCT] VALUES (N'P005' ,N'ASUS VS197DE LCD'				,N'C002' ,N'1005' ,2588 	, 50 	,N'個');
INSERT INTO [PRODUCT] VALUES (N'P006' ,N'ViewSonic VA2265SH LCD'		,N'C002' ,N'1004' ,3990 	, 0 	,N'個');
INSERT INTO [PRODUCT] VALUES (N'P007' ,N'ACER K192HQL LCD'				,N'C002' ,N'1001' ,2588 	,-12 	,N'個');
INSERT INTO [PRODUCT] VALUES (N'P008' ,N'ASUS充電器-UX305'				,N'C003' ,N'1003' ,1088 	, 10 	,N'條');
INSERT INTO [PRODUCT] VALUES (N'P009' ,N'ASUS電池-U37'					,N'C003' ,N'1003' ,3288 	, 15 	,N'顆');
INSERT INTO [PRODUCT] VALUES (N'P010' ,N'記憶體'							,N'C004' ,N'1001' ,1290 	, 288 	,N'條');
INSERT INTO [PRODUCT] VALUES (N'P011' ,N'內接硬碟'						,N'C004' ,N'1005' ,2899 	,-8000 	,N'顆');
INSERT INTO [PRODUCT] VALUES (N'P012' ,N'卡巴斯基'						,N'C004' ,N'1002' ,1990 	, 400 	,N'PC');
INSERT INTO [PRODUCT] VALUES (N'P013' ,N'PC-Cillin'						,N'C004' ,N'1002' ,745  	,-130 	,N'PC');
GO

