-- 切換資料庫
USE TSQL_PRACTICE
GO

-- 建立產品資料表
IF  EXISTS 
(
	SELECT * FROM sys.objects 
	WHERE object_id = OBJECT_ID(N'[dbo].[PRODUCT]') 
	AND type in (N'U')
) DROP TABLE [dbo].[PRODUCT]
CREATE TABLE [PRODUCT]
(
	PRODUCTID NVARCHAR(10),
	PRODUCTNAME NVARCHAR(100),
	CATEGORYID NVARCHAR(10),
	PRICE NUMERIC(25,4),
	QTY NUMERIC(25,4),
	UNIT NVARCHAR(20),
	DISCOUNT NUMERIC(25,4)
)
-- 新增產品資料
INSERT INTO PRODUCT VALUES ('1','ASUS F3SV',NULL,30000,200,'台',8.5)
INSERT INTO PRODUCT VALUES ('2','ASUS W3S',NULL,40500,500,'台',9.5)
INSERT INTO PRODUCT VALUES ('3','IBM X32',NULL,45500,100,'台',9)
INSERT INTO PRODUCT VALUES ('4','IBM X60s',NULL,48000,300,'台',9.5)
INSERT INTO PRODUCT VALUES ('5','HTML網頁製作',1,250,1500,'本',7.5)
INSERT INTO PRODUCT VALUES ('6','JAVASCRIPT語法大全',1,350,3000,'本',8)
INSERT INTO PRODUCT VALUES ('7','AJAX快速入門',1,550,8300,'本',8)
INSERT INTO PRODUCT VALUES ('8','ASP.Net快速入門',1,750,2100,'本',9)
INSERT INTO PRODUCT VALUES ('9','T-SQL入門',1,500,2100,'本',7.5)
INSERT INTO PRODUCT VALUES ('10','SQL SERVER 2005管理實務',1,850,3000,'本',7)
INSERT INTO PRODUCT VALUES ('11','SQL SERVER 2005設計實務',1,750,6200,'本',7.5)
INSERT INTO PRODUCT VALUES ('12','SCRIPT程式設計',1,350,500,'本',9)
INSERT INTO PRODUCT VALUES ('13','滑鼠',2,450,800,'隻',9.5)
INSERT INTO PRODUCT VALUES ('14','鍵盤',2,550,400,'個',9)
INSERT INTO PRODUCT VALUES ('15','USB外接盒',2,450,200,'個',9.5)
INSERT INTO PRODUCT VALUES ('16','網路卡',2,850,200,'片',9.5)
INSERT INTO PRODUCT VALUES ('17','顯示卡',2,3000,350,'片',9.5)
GO

-- 建立產品類別資料表
IF  EXISTS 
(
	SELECT * FROM sys.objects 
	WHERE object_id = OBJECT_ID(N'[dbo].[PRODUCTCATEGORY]') 
	AND type in (N'U')
) DROP TABLE [dbo].[PRODUCTCATEGORY]
CREATE TABLE [PRODUCTCATEGORY]
(
	CATEGORYID NVARCHAR(10),
	CATEGORYNAME NVARCHAR(100)
)
-- 新增產品類別資料
INSERT INTO PRODUCTCATEGORY VALUES ('1','書籍')
INSERT INTO PRODUCTCATEGORY VALUES ('2','電腦週邊')
GO

-- 建立採購人員資料表
IF  EXISTS 
(
	SELECT * FROM sys.objects 
	WHERE object_id = OBJECT_ID(N'[dbo].[PURCHASEPERSON]') 
	AND type in (N'U')
) DROP TABLE [dbo].[PURCHASEPERSON]
CREATE TABLE [PURCHASEPERSON]
(
	PURCHASENAME NVARCHAR(100)
)
-- 新增採購人員資料
INSERT INTO PURCHASEPERSON VALUES ('MINNA')
INSERT INTO PURCHASEPERSON VALUES ('STEPHANIE')
INSERT INTO PURCHASEPERSON VALUES ('GINA')
INSERT INTO PURCHASEPERSON VALUES ('JENNIFER')
INSERT INTO PURCHASEPERSON VALUES ('SRON')
INSERT INTO PURCHASEPERSON VALUES ('CHRIS')
INSERT INTO PURCHASEPERSON VALUES ('YVONNE')
GO

-- 建立銷售人員資料表
IF  EXISTS 
(
	SELECT * FROM sys.objects 
	WHERE object_id = OBJECT_ID(N'[dbo].[SALESPERSON]') 
	AND type in (N'U')
) DROP TABLE [dbo].[SALESPERSON]
CREATE TABLE [SALESPERSON]
(
	SALESNAME NVARCHAR(100)
)
-- 新增銷售人員資料
INSERT INTO SALESPERSON VALUES ('MAGGIE')
INSERT INTO SALESPERSON VALUES ('CHRIS')
INSERT INTO SALESPERSON VALUES ('SRON')
INSERT INTO SALESPERSON VALUES ('GINA')
INSERT INTO SALESPERSON VALUES ('NITA')
INSERT INTO SALESPERSON VALUES ('AMANDA')
INSERT INTO SALESPERSON VALUES ('MIKE')
GO

-- 建立盤點人員資料表
IF  EXISTS 
(
	SELECT * FROM sys.objects 
	WHERE object_id = OBJECT_ID(N'[dbo].[STOCKPERSON]') 
	AND type in (N'U')
) DROP TABLE [dbo].[STOCKPERSON]
CREATE TABLE [STOCKPERSON]
(
	STOCKNAME NVARCHAR(100)
)
-- 新增盤點人員資料
INSERT INTO STOCKPERSON VALUES ('MINNA')
INSERT INTO STOCKPERSON VALUES ('ARTHUR')
INSERT INTO STOCKPERSON VALUES ('GINA')
INSERT INTO STOCKPERSON VALUES ('AMY')
INSERT INTO STOCKPERSON VALUES ('SRON')
INSERT INTO STOCKPERSON VALUES ('JOCELYN')
INSERT INTO STOCKPERSON VALUES ('HOPE')
INSERT INTO STOCKPERSON VALUES ('MAGGIE')
GO
