-- 切換資料庫
USE TSQL_PRACTICE
GO

-- 建立顏色資料表
IF  EXISTS 
(
	SELECT * FROM sys.objects 
	WHERE object_id = OBJECT_ID(N'[dbo].[COLOR]') 
	AND type in (N'U')
) DROP TABLE [dbo].[COLOR]
CREATE TABLE [COLOR]
(
	COLORNAME NVARCHAR(50)
)
-- 新增顏色資料
INSERT INTO COLOR VALUES ('白色')
INSERT INTO COLOR VALUES ('黑色')
INSERT INTO COLOR VALUES ('灰色')
GO

-- 建立客戶資料表
IF  EXISTS 
(
	SELECT * FROM sys.objects 
	WHERE object_id = OBJECT_ID(N'[dbo].[CUSTOMERS]') 
	AND type in (N'U')
) DROP TABLE [dbo].[CUSTOMERS]
CREATE TABLE [CUSTOMERS]
(
	CUSTOMERID NVARCHAR(10),
	CUSTOMERNAME NVARCHAR(50),
	CONTACTADDRESS NVARCHAR(500),
	INVOICEADDRESS NVARCHAR(500)
)
-- 新增客戶資料
INSERT INTO CUSTOMERS VALUES ('1','一茶一坐','八德路一段1號','')
INSERT INTO CUSTOMERS VALUES ('2','國賓','','八德路二段3號')
INSERT INTO CUSTOMERS VALUES ('3','逸凡','八德路三段10號','')
INSERT INTO CUSTOMERS VALUES ('4','羅昇','','八德路四段112號')
INSERT INTO CUSTOMERS VALUES ('5','雅虎','八德路一段142號','')
INSERT INTO CUSTOMERS VALUES ('6','晶華','','八德路二段58號')
INSERT INTO CUSTOMERS VALUES ('7','壹傳媒','八德路三段96號','')
GO

-- 建立訂單資料表
IF  EXISTS 
(
	SELECT * FROM sys.objects 
	WHERE object_id = OBJECT_ID(N'[dbo].[ORDERS]') 
	AND type in (N'U')
) DROP TABLE [dbo].[ORDERS]
CREATE TABLE [ORDERS]
(
	ORDERDATE NVARCHAR(8),
	CUSTOMERID NVARCHAR(10),
	PRODUCTID NVARCHAR(10),
	QTY NUMERIC(25,4),
	UNO UNIQUEIDENTIFIER
)
GO
-- 新增訂單資料
INSERT INTO ORDERS VALUES ('20090701','1','1',2,NEWID())
INSERT INTO ORDERS VALUES ('20090421','1','19',40,NEWID())
INSERT INTO ORDERS VALUES ('20091201','1','4',10,NEWID())
INSERT INTO ORDERS VALUES ('20100120','1','12',8,NEWID())
INSERT INTO ORDERS VALUES ('20101105','1','7',4,NEWID())
INSERT INTO ORDERS VALUES ('20090815','2','3',7,NEWID())
INSERT INTO ORDERS VALUES ('20091226','2','14',2,NEWID())
INSERT INTO ORDERS VALUES ('20100303','2','33',20,NEWID())
INSERT INTO ORDERS VALUES ('20100921','2','10',45,NEWID())
INSERT INTO ORDERS VALUES ('20090922','4','5',50,NEWID())
INSERT INTO ORDERS VALUES ('20101009','5','7',1000,NEWID())
INSERT INTO ORDERS VALUES ('20091114','7','2',200,NEWID())
INSERT INTO ORDERS VALUES ('20090724','7','4',100,NEWID())
INSERT INTO ORDERS VALUES ('20100108','7','6',400,NEWID())
INSERT INTO ORDERS VALUES ('20101106','7','7',500,NEWID())
INSERT INTO ORDERS VALUES ('20090114','19','2',2000,NEWID())
INSERT INTO ORDERS VALUES ('20090324','20','4',700,NEWID())
INSERT INTO ORDERS VALUES ('20100608','19','6',90,NEWID())
INSERT INTO ORDERS VALUES ('20100906','20','7',300,NEWID())
GO

-- 建立員工資料表
IF  EXISTS 
(
	SELECT * FROM sys.objects 
	WHERE object_id = OBJECT_ID(N'[dbo].[EMPLOYEE]') 
	AND type in (N'U')
) DROP TABLE [dbo].[EMPLOYEE]
CREATE TABLE [EMPLOYEE]
(
	EMPLOYEEID NVARCHAR(10),
	EMPLOYEENAME NVARCHAR(100),
	MANAGERID NVARCHAR(10)
)
-- 新增員工資料
INSERT INTO EMPLOYEE VALUES ('01','ARTHUR','')
INSERT INTO EMPLOYEE VALUES ('02','NITA','01')
INSERT INTO EMPLOYEE VALUES ('03','MAGGIE','01')
INSERT INTO EMPLOYEE VALUES ('04','JUDITH','01')
INSERT INTO EMPLOYEE VALUES ('05','HOPE','01')
INSERT INTO EMPLOYEE VALUES ('06','JENNIFER','02')
INSERT INTO EMPLOYEE VALUES ('07','AMANDA','03')
INSERT INTO EMPLOYEE VALUES ('08','GINA','04')
INSERT INTO EMPLOYEE VALUES ('09','CHRIS','04')
INSERT INTO EMPLOYEE VALUES ('10','SRON','04')
INSERT INTO EMPLOYEE VALUES ('11','AMY','05')
INSERT INTO EMPLOYEE VALUES ('12','JOCELYN','05')
GO

